,Stock,Date
0,A32,2018-10-23
1,AAA,2016-10-06
2,AAM,2009-07-13
3,AAS,2020-07-23
4,AAT,2020-12-29
5,AAV,2018-06-25
6,ABB,2020-12-28
7,ABC,2016-08-18
8,ABI,2009-07-16
9,ABR,2021-12-24
10,ABS,2019-12-27
11,ABT,2006-12-06
12,ABW,2023-05-30
13,ACB,2020-11-20
14,ACC,2011-06-17
15,ACE,2009-11-10
16,ACG,2022-08-25
17,ACL,2007-08-23
18,ACM,2022-07-19
19,ACS,2017-07-13
20,ACV,2016-11-21
21,ADC,2010-12-24
22,ADG,2020-12-28
23,ADP,2023-06-29
24,ADS,2016-06-22
25,AFX,2016-12-02
26,AG1,2018-01-10
27,AGE,
28,AGF,2020-02-24
29,AGG,2019-12-17
30,AGM,2012-09-14
31,AGP,2015-10-06
32,AGR,2009-12-02
33,AGX,2015-09-14
34,AIC,2021-01-08
35,ALT,2009-07-27
36,ALV,2019-06-21
37,AMC,2012-02-15
38,AMD,2015-06-08
39,AME,2010-06-02
40,AMP,2017-01-12
41,AMS,2017-02-06
42,AMV,2009-12-20
43,ANT,2016-12-22
44,ANV,2007-11-28
45,APC,2024-05-15
46,APF,2017-06-08
47,APG,2016-09-23
48,APH,2020-07-14
49,API,2010-09-13
50,APL,2016-10-14
51,APP,2022-08-03
52,APS,2010-04-19
53,APT,2019-06-07
54,ARM,2010-10-26
55,ART,2023-08-25
56,ASA,2019-06-21
57,ASG,2020-07-17
58,ASM,2009-12-24
59,ASP,2008-02-01
60,AST,2017-12-26
61,ATA,2017-02-17
62,ATB,2017-08-25
63,ATG,2021-05-14
64,ATS,2016-03-29
65,AVC,2018-01-08
66,AVF,2015-06-18
67,B82,
68,BAB,2021-03-03
69,BAF,2021-11-24
70,BAL,2018-01-12
71,BAX,2017-03-24
72,BBC,2001-12-17
73,BBH,2020-05-14
74,BBM,2018-01-05
75,BBS,2005-12-28
76,BBT,2018-06-12
77,BCA,2021-09-08
78,BCB,2018-10-29
79,BCC,2006-11-24
80,BCE,2010-06-15
81,BCF,2020-03-16
82,BCG,2015-07-08
83,BCM,2020-07-31
84,BCO,2023-12-04
85,BCP,2015-09-14
86,BCV,2021-03-16
87,BDB,2010-01-29
88,BDG,2016-04-06
89,BDT,2017-09-06
90,BDW,2015-10-14
91,BED,2009-10-21
92,BEL,2016-07-12
93,BFC,2015-08-27
94,BGW,2017-10-31
95,BHA,2017-08-02
96,BHC,2015-04-10
97,BHG,2018-10-30
98,BHI,2023-07-21
99,BHK,2018-04-05
100,BHN,2016-12-30
101,BHP,2013-01-21
102,BIC,2011-06-20
103,BID,2014-01-16
104,BIG,2022-01-10
105,BII,2023-05-31
106,BIO,2018-08-30
107,BKC,2009-08-18
108,BKG,2020-12-21
109,BKH,
110,BLF,2023-12-18
111,BLI,2015-12-11
112,BLN,2016-09-09
113,BLT,2017-07-10
114,BLW,
115,BMC,2006-12-12
116,BMD,2017-06-14
117,BMF,2018-04-16
118,BMG,2018-12-25
119,BMI,2008-04-11
120,BMJ,2009-12-22
121,BMN,2016-04-06
122,BMP,2006-06-12
123,BMS,2018-08-08
124,BMV,2017-06-06
125,BNA,2020-10-12
126,BNW,2018-12-28
127,BOT,2019-02-14
128,BPC,2009-06-08
129,BQB,2018-01-09
130,BRC,2011-10-27
131,BRR,2017-06-16
132,BRS,2017-01-24
133,BSA,2018-08-20
134,BSC,2011-01-05
135,BSD,2017-04-28
136,BSG,2016-11-21
137,BSH,2018-07-04
138,BSI,2011-07-13
139,BSL,2017-06-16
140,BSP,2016-08-10
141,BSQ,2017-02-28
142,BSR,2018-03-01
143,BST,2008-12-18
144,BT1,2016-11-09
145,BT6,2017-03-06
146,BTB,2017-01-12
147,BTD,2017-03-02
148,BTG,2010-03-24
149,BTH,2017-09-27
150,BTN,2018-01-05
151,BTP,2009-11-17
152,BTS,2006-12-05
153,BTT,2010-03-04
154,BTU,2016-03-11
155,BTV,2017-03-03
156,BTW,2017-11-14
157,BVB,2020-07-09
158,BVG,2015-11-20
159,BVH,2009-06-16
160,BVL,2021-06-11
161,BVN,2011-10-11
162,BVS,2006-12-18
163,BWA,2010-06-14
164,BWE,2017-07-05
165,BWS,2017-11-28
166,BXH,2009-11-25
167,C12,2016-12-26
168,C21,2016-11-01
169,C22,2018-05-24
170,C32,2012-09-06
171,C47,2011-03-21
172,C4G,2018-12-10
173,C69,2017-04-21
174,C92,2022-08-03
175,CAB,2019-09-06
176,CAD,2012-11-01
177,CAG,2017-12-04
178,CAN,2009-06-12
179,CAP,2008-01-09
180,CAR,2024-10-23
181,CAT,2018-03-23
182,CAV,
183,CBI,2017-09-28
184,CBS,2017-06-20
185,CC1,2017-07-20
186,CC4,2017-07-28
187,CCA,2019-12-26
188,CCI,2010-04-07
189,CCL,2011-01-21
190,CCM,2018-07-06
191,CCP,2017-03-16
192,CCR,2021-11-19
193,CCT,2017-06-30
194,CCV,2017-01-09
195,CDC,2010-08-27
196,CDG,2017-02-27
197,CDH,2016-06-23
198,CDN,2016-11-30
199,CDO,2018-10-05
200,CDP,2018-07-13
201,CDR,2017-06-26
202,CE1,2017-04-10
203,CEG,2017-05-17
204,CEN,2018-06-15
205,CEO,2014-09-29
206,CET,2017-07-28
207,CFM,2021-01-25
208,CFV,2019-06-03
209,CGV,2017-06-21
210,CH5,2017-06-14
211,CHC,2017-02-16
212,CHP,2016-08-10
213,CHS,2017-01-12
214,CI5,2011-07-01
215,CIA,2017-11-29
216,CID,2016-05-10
217,CIG,2011-07-01
218,CII,2006-02-24
219,CIP,2017-09-27
220,CJC,2006-12-14
221,CK8,2023-01-06
222,CKA,2018-10-17
223,CKD,2015-05-21
224,CKG,2019-12-27
225,CKV,2010-03-11
226,CLC,2006-10-18
227,CLG,2021-05-05
228,CLH,2016-06-07
229,CLL,2014-05-19
230,CLM,2016-04-15
231,CLW,2010-10-20
232,CLX,2017-03-01
233,CMC,2006-12-11
234,CMD,2019-07-05
235,CMF,2016-11-30
236,CMG,2010-01-13
237,CMI,2019-06-14
238,CMK,2015-10-21
239,CMM,2022-11-08
240,CMN,2017-07-10
241,CMP,2016-02-15
242,CMS,2010-11-29
243,CMT,2019-04-24
244,CMV,2010-06-09
245,CMW,2017-04-10
246,CMX,2010-11-02
247,CNA,2021-12-09
248,CNC,2014-06-25
249,CNG,2011-11-14
250,CNN,2016-06-01
251,CNT,2015-03-17
252,COM,2006-05-12
253,CPA,2019-12-30
254,CPC,2010-01-18
255,CPH,2017-02-08
256,CPI,2017-07-28
257,CQN,2020-08-18
258,CQT,2016-11-01
259,CRC,2018-08-07
260,CRE,2018-08-10
261,CSC,2009-11-04
262,CSI,2019-03-15
263,CSM,2009-08-04
264,CST,2021-04-26
265,CSV,2015-02-24
266,CT3,2009-11-20
267,CT6,2020-05-15
268,CTA,2019-12-20
269,CTB,2006-10-10
270,CTC,2008-07-18
271,CTD,2009-12-09
272,CTF,2017-05-11
273,CTG,2009-07-09
274,CTI,2010-02-10
275,CTN,2016-05-26
276,CTP,2016-07-28
277,CTR,2021-12-27
278,CTS,2017-06-13
279,CTT,2015-07-17
280,CTW,2016-09-30
281,CTX,2023-12-26
282,CVN,2010-08-06
283,CVT,2017-09-25
284,CX8,2006-05-19
285,CYC,2017-05-22
286,D11,2011-02-25
287,D2D,2009-06-24
288,DAC,2016-04-08
289,DAD,2009-08-19
290,DAE,2006-12-28
291,DAG,2010-03-01
292,DAH,2016-09-30
293,DAN,2021-12-22
294,DAS,2014-09-25
295,DAT,2015-10-06
296,DBC,2019-07-08
297,DBD,2018-05-24
298,DBM,2009-12-17
299,DBT,2020-08-04
300,DC1,2016-07-19
301,DC2,2010-07-02
302,DC4,2020-09-04
303,DCF,2017-01-12
304,DCG,2018-12-14
305,DCH,2018-04-23
306,DCL,2008-09-03
307,DCM,2015-03-20
308,DCR,2018-10-08
309,DCS,2019-05-31
310,DCT,2016-04-07
311,DDG,2018-12-18
312,DDH,2016-06-30
313,DDM,2014-12-15
314,DDN,2009-06-24
315,DDV,2015-06-10
316,DFC,2017-01-12
317,DFF,2021-07-08
318,DGC,2020-07-07
319,DGT,2010-03-09
320,DGW,2015-07-24
321,DHA,2004-04-12
322,DHB,2017-07-26
323,DHC,2009-06-18
324,DHD,2017-05-05
325,DHG,2006-12-01
326,DHM,2012-07-11
327,DHN,2018-04-19
328,DHP,2013-03-21
329,DHT,2008-12-03
330,DIC,2020-08-18
331,DID,2020-06-04
332,DIG,2009-08-12
333,DIH,2011-04-27
334,DKC,2020-07-14
335,DL1,2010-03-10
336,DLD,2011-04-08
337,DLG,2010-06-14
338,DLM,
339,DLR,2019-05-31
340,DLT,2015-11-16
341,DM7,2018-10-15
342,DMC,2006-12-04
343,DMN,2021-11-22
344,DMS,2023-06-15
345,DNA,2017-10-19
346,DNC,2009-12-23
347,DND,2016-11-09
348,DNE,2017-04-05
349,DNH,2017-06-19
350,DNL,2011-08-18
351,DNM,2023-08-07
352,DNN,2017-07-17
353,DNP,2009-06-19
354,DNT,2020-02-24
355,DNW,2016-03-16
356,DOC,2016-12-19
357,DOP,2015-10-30
358,DP1,2018-06-12
359,DP2,2017-05-19
360,DP3,2015-07-17
361,DPC,2024-05-28
362,DPG,2018-05-09
363,DPH,2017-01-20
364,DPM,2007-10-29
365,DPP,2010-05-19
366,DPR,2007-11-22
367,DPS,2021-07-02
368,DQC,2008-02-14
369,DRC,2006-11-28
370,DRG,2019-12-11
371,DRH,2010-07-13
372,DRI,2017-05-23
373,DRL,2012-03-30
374,DS3,2017-08-21
375,DSC,2024-09-24
376,DSD,2022-05-17
377,DSG,2017-08-11
378,DSN,2010-09-17
379,DSP,2018-10-17
380,DST,2007-10-16
381,DSV,
382,DTA,2010-06-30
383,DTB,2019-07-22
384,DTC,2021-11-16
385,DTD,2017-11-16
386,DTE,2020-12-31
387,DTG,2023-07-12
388,DTH,2022-04-18
389,DTI,2018-01-05
390,DTK,2020-12-25
391,DTL,2010-05-28
392,DTP,2020-06-18
393,DTT,2006-12-06
394,DTV,
395,DUS,2020-01-08
396,DVC,2013-12-13
397,DVG,2024-09-06
398,DVM,2022-07-19
399,DVN,2017-05-19
400,DVP,2009-11-24
401,DVW,2018-06-06
402,DWC,2021-12-22
403,DWS,2019-01-24
404,DXG,2009-12-14
405,DXL,2010-06-28
406,DXP,2009-06-08
407,DXS,2021-06-25
408,DXV,2008-01-24
409,DZM,2024-02-19
410,E12,2019-12-31
411,E29,2019-11-05
412,EBS,2006-12-21
413,ECI,2009-06-16
414,EFI,2017-04-24
415,EIB,2009-10-20
416,EIC,2017-02-28
417,EID,2009-08-11
418,EIN,2017-03-16
419,ELC,2010-10-05
420,EME,2017-07-17
421,EMG,2017-02-16
422,EMS,2018-01-05
423,EPC,2018-10-03
424,EPH,2017-12-21
425,EVE,2010-11-30
426,EVF,2021-12-21
427,EVG,2017-05-26
428,EVS,2019-06-26
429,FBA,2011-02-18
430,FBC,2017-10-20
431,FCC,2016-05-09
432,FCM,2013-05-08
433,FCN,2012-07-18
434,FCS,2017-03-03
435,FDC,2009-12-25
436,FGL,2018-09-14
437,FHN,2017-12-29
438,FHS,2018-11-01
439,FIC,2018-08-02
440,FID,2015-05-20
441,FIR,2018-10-04
442,FIT,2015-08-07
443,FLC,2013-07-29
444,FMC,2006-10-20
445,FOC,2018-12-10
446,FOX,2017-01-13
447,FPT,2006-11-21
448,FRC,2018-07-26
449,FRM,2017-11-24
450,FRT,2018-04-17
451,FSO,2017-02-06
452,FT1,2017-09-27
453,FTI,2017-10-27
454,FTM,2022-05-26
455,FTS,2017-01-05
456,G20,2017-07-28
457,G36,2016-12-26
458,GAB,2019-07-03
459,GAS,2012-04-27
460,GCB,2016-12-28
461,GCF,2022-12-20
462,GDA,2023-09-07
463,GDT,2009-11-03
464,GDW,2018-12-18
465,GEE,2024-07-02
466,GEG,2019-08-28
467,GER,2010-06-01
468,GEX,2017-12-28
469,GGG,2014-08-15
470,GH3,2021-08-04
471,GHC,2011-04-26
472,GIC,2020-11-06
473,GIL,2001-12-28
474,GKM,2017-07-17
475,GLC,2019-01-09
476,GLT,2009-11-26
477,GLW,2018-01-08
478,GMA,2020-12-01
479,GMC,2006-12-06
480,GMD,2002-03-08
481,GMH,2021-12-30
482,GMX,2011-09-15
483,GND,2017-02-21
484,GPC,2023-01-06
485,GSM,2015-04-08
486,GSP,2011-12-20
487,GTA,2007-07-04
488,GTD,2016-12-16
489,GTS,2016-10-21
490,GTT,2016-06-07
491,GVR,2019-12-30
492,GVT,2017-01-12
493,H11,2011-04-28
494,HAC,2016-10-18
495,HAD,2009-10-27
496,HAF,2017-07-24
497,HAG,2008-12-15
498,HAH,2015-01-21
499,HAI,2010-04-07
500,HAM,2017-08-21
501,HAN,2016-10-20
502,HAP,2000-08-02
503,HAR,2013-01-10
504,HAS,2002-12-18
505,HAT,2010-10-29
506,HAV,2017-11-30
507,HAX,2006-12-13
508,HBC,2024-09-18
509,HBD,2013-09-16
510,HBH,2017-08-10
511,HBS,2010-07-16
512,HC1,2020-01-06
513,HC3,2017-07-11
514,HCB,2019-12-18
515,HCC,2007-12-24
516,HCD,2016-06-27
517,HCI,2010-09-17
518,HCM,2009-04-20
519,HCT,2007-11-27
520,HD2,2016-05-16
521,HD6,2020-11-23
522,HD8,2019-03-15
523,HDA,2010-12-27
524,HDB,2017-12-25
525,HDC,2007-09-25
526,HDG,2010-01-19
527,HDM,2010-01-21
528,HDO,2017-06-02
529,HDP,2017-03-16
530,HDW,2017-11-03
531,HEC,2016-12-21
532,HEJ,2017-07-14
533,HEM,
534,HEP,2017-12-15
535,HES,2016-12-07
536,HEV,2007-12-11
537,HFB,2017-03-30
538,HFC,2010-03-01
539,HFX,2011-11-10
540,HGM,2009-12-21
541,HGT,2020-10-15
542,HGW,
543,HHC,2007-11-20
544,HHG,2023-05-09
545,HHN,2016-12-16
546,HHP,2020-12-24
547,HHR,
548,HHS,2011-12-13
549,HHV,2021-12-23
550,HID,2016-06-22
551,HIG,2009-06-24
552,HII,2017-06-14
553,HJC,2015-10-14
554,HJS,2006-12-20
555,HKB,2021-07-28
556,HKT,2017-01-12
557,HLA,2015-04-01
558,HLB,2017-02-08
559,HLC,2009-03-05
560,HLD,2013-03-26
561,HLR,
562,HLS,2017-10-16
563,HLT,2019-12-27
564,HLY,2021-04-28
565,HMC,2006-11-28
566,HMG,2016-09-09
567,HMH,2010-07-28
568,HMR,2022-01-13
569,HMS,2017-06-05
570,HNA,2023-12-01
571,HNB,2015-10-22
572,HND,2016-10-05
573,HNF,2015-11-03
574,HNG,2024-09-10
575,HNI,2017-12-12
576,HNM,2020-06-19
577,HNP,2016-12-20
578,HNR,2018-06-08
579,HOM,2009-07-09
580,HOT,2011-07-13
581,HPB,2010-04-29
582,HPD,2015-06-11
583,HPG,2007-10-31
584,HPH,2017-12-28
585,HPI,2017-10-05
586,HPM,2022-08-03
587,HPP,2010-08-05
588,HPT,2010-06-17
589,HPW,2016-11-21
590,HPX,2018-07-02
591,HQC,2010-10-12
592,HRB,2017-11-06
593,HRC,2006-11-22
594,HRT,
595,HSA,2017-01-23
596,HSG,2008-11-05
597,HSI,2015-05-11
598,HSL,2018-04-26
599,HSM,2018-04-19
600,HSP,2020-03-30
601,HSV,2021-04-27
602,HT1,2007-10-31
603,HTC,2010-05-07
604,HTE,2017-07-24
605,HTG,2023-10-31
606,HTI,2010-12-09
607,HTL,2010-10-19
608,HTM,2018-05-04
609,HTN,2018-10-24
610,HTP,2024-08-09
611,HTR,
612,HTT,2020-06-26
613,HTV,2005-12-07
614,HU1,2011-10-20
615,HU3,2011-03-02
616,HU4,2016-01-29
617,HU6,2015-11-19
618,HUB,2018-12-18
619,HUG,2017-12-18
620,HUT,2008-04-11
621,HVA,2020-03-17
622,HVG,2020-08-13
623,HVH,2018-11-20
624,HVN,2019-04-11
625,HVT,2009-05-08
626,HVX,2010-08-31
627,HWS,2018-07-27
628,IBC,2017-12-06
629,IBD,2019-05-24
630,ICC,2016-06-01
631,ICF,2019-05-20
632,ICG,2009-04-21
633,ICI,2010-07-06
634,ICN,2015-06-12
635,ICT,2019-12-27
636,IDC,2019-12-10
637,IDI,2011-05-17
638,IDJ,2010-09-13
639,IDP,2021-01-07
640,IDV,2010-06-01
641,IFS,2016-11-16
642,IHK,2010-03-04
643,IJC,2010-04-05
644,ILA,2017-11-28
645,ILB,2019-05-07
646,ILC,2018-08-10
647,ILS,2018-03-19
648,IME,2009-12-01
649,IMP,2006-11-15
650,IN4,2010-05-19
651,INC,2011-07-14
652,INN,2010-01-22
653,IPA,2021-11-01
654,IRC,2018-01-22
655,ISG,2015-09-22
656,ISH,2015-06-29
657,IST,2017-01-05
658,ITA,2006-01-11
659,ITC,2009-09-24
660,ITD,2011-12-13
661,ITQ,2012-10-01
662,ITS,2015-12-18
663,IVS,2011-08-01
664,JOS,2017-07-28
665,JVC,2011-06-01
666,KAC,2019-09-16
667,KBC,2009-12-07
668,KCB,2015-12-01
669,KCE,2011-02-08
670,KDC,2005-11-18
671,KDH,2010-01-21
672,KDM,2016-03-29
673,KGM,2017-09-21
674,KHD,2016-12-22
675,KHG,2021-06-30
676,KHL,2018-06-08
677,KHP,2006-12-08
678,KHS,2017-12-26
679,KHW,2017-02-20
680,KIP,2016-04-12
681,KKC,2008-08-21
682,KLB,2017-06-29
683,KLF,2024-02-19
684,KLM,
685,KMR,2008-06-23
686,KMT,2009-08-10
687,KOS,2019-07-08
688,KPF,2016-02-18
689,KSB,2009-12-17
690,KSD,2010-04-28
691,KSF,2021-10-06
692,KSH,2019-09-19
693,KSQ,2013-07-26
694,KST,2010-12-29
695,KSV,2023-02-02
696,KTC,2018-06-22
697,KTL,2015-01-14
698,KTS,2011-06-01
699,KTT,2010-10-28
700,KTW,2024-01-08
701,KVC,2023-05-25
702,L10,2007-12-11
703,L12,2017-01-03
704,L14,2011-09-13
705,L18,2008-04-23
706,L35,2023-05-31
707,L40,2021-01-27
708,L43,2024-05-31
709,L44,2018-06-08
710,L45,2016-10-20
711,L61,2024-05-30
712,L62,2024-06-05
713,L63,2016-10-06
714,LAF,2000-12-11
715,LAI,2015-08-10
716,LAS,2012-03-01
717,LAW,2015-12-21
718,LBC,
719,LBE,2008-02-22
720,LBM,2006-11-30
721,LCC,2010-05-06
722,LCD,2010-11-15
723,LCG,2008-10-17
724,LCM,2011-09-08
725,LCS,2023-05-15
726,LDG,2015-08-05
727,LDP,2010-07-20
728,LDW,2018-03-16
729,LEC,2017-06-05
730,LG9,2017-12-18
731,LGC,2006-11-29
732,LGL,2009-09-23
733,LGM,2019-12-18
734,LHC,2010-01-13
735,LHG,2010-03-15
736,LIC,2017-06-05
737,LIG,2010-04-22
738,LIX,2009-12-01
739,LKW,2012-07-04
740,LLM,2017-08-16
741,LM3,2015-06-01
742,LM7,2023-05-31
743,LM8,2010-11-05
744,LMC,2017-09-21
745,LMH,2020-06-29
746,LMI,2017-07-20
747,LNC,2019-07-04
748,LO5,2021-05-13
749,LPB,2020-10-14
750,LPT,2021-04-08
751,LQN,2016-11-01
752,LSG,2022-05-12
753,LSS,2007-12-21
754,LTC,2019-07-05
755,LTG,2017-07-24
756,LUT,2023-07-03
757,M10,2018-01-10
758,MA1,2020-06-29
759,MAC,2009-12-24
760,MAS,2014-07-15
761,MBB,2011-10-18
762,MBG,2015-11-26
763,MBN,2018-10-03
764,MBS,2016-03-28
765,MCC,2010-04-26
766,MCD,
767,MCF,2011-02-14
768,MCG,2009-09-16
769,MCH,2017-01-05
770,MCI,
771,MCM,2024-05-24
772,MCO,2006-12-21
773,MCP,2006-12-18
774,MDA,2018-01-10
775,MDC,2009-07-23
776,MDF,2011-02-25
777,MDG,2011-01-05
778,MEC,2020-06-02
779,MED,2020-03-18
780,MEF,2011-11-30
781,MEL,2017-09-27
782,MES,2016-12-12
783,MFS,2019-04-16
784,MGC,2016-06-09
785,MGG,2017-11-06
786,MGR,2022-04-28
787,MH3,2017-03-06
788,MHC,2004-12-31
789,MHL,2024-09-20
790,MIC,2015-01-12
791,MIE,2017-12-15
792,MIG,2020-12-30
793,MIM,2024-02-19
794,MKP,2018-01-29
795,MKV,2008-11-21
796,MLC,2017-05-23
797,MLS,2018-06-15
798,MML,2019-12-09
799,MNB,2018-04-24
800,MND,2017-08-11
801,MPC,2017-10-16
802,MPT,2021-06-02
803,MPY,2017-05-15
804,MQB,2017-11-08
805,MQN,2018-06-22
806,MRF,2017-12-12
807,MSB,2020-12-14
808,MSH,2018-11-20
809,MSN,2009-10-30
810,MSR,2015-09-17
811,MST,2016-05-10
812,MTA,2015-10-21
813,MTB,2020-12-10
814,MTC,2012-08-17
815,MTG,2015-06-25
816,MTH,2011-02-10
817,MTL,2016-05-10
818,MTP,2010-09-23
819,MTS,2017-04-28
820,MTV,2017-08-16
821,MVB,2020-10-28
822,MVC,2017-03-22
823,MVN,2018-10-08
824,MWG,2014-07-07
825,NAB,2023-12-21
826,NAC,2017-03-21
827,NAF,2015-09-28
828,NAG,2009-09-22
829,NAP,2018-03-27
830,NAS,2017-01-25
831,NAU,2018-06-29
832,NAV,2006-11-30
833,NAW,2017-08-04
834,NBB,2008-11-20
835,NBC,2006-12-27
836,NBE,2017-08-21
837,NBP,2009-08-06
838,NBT,2016-06-01
839,NBW,2017-11-14
840,NCG,2023-11-09
841,NCS,2015-12-02
842,NCT,2014-12-09
843,ND2,2010-07-22
844,NDC,2010-03-11
845,NDF,2019-11-18
846,NDN,2011-04-21
847,NDP,2015-11-20
848,NDT,2018-09-11
849,NDW,2019-06-11
850,NDX,2013-07-17
851,NED,2017-08-18
852,NEM,2024-01-05
853,NET,2010-09-15
854,NFC,2014-03-03
855,NGC,2021-05-31
856,NHA,2020-12-30
857,NHC,2009-06-17
858,NHH,2019-11-22
859,NHP,2021-07-02
860,NHT,2021-10-29
861,NHV,2017-06-14
862,NJC,2020-12-23
863,NKG,2011-01-10
864,NLG,2013-01-25
865,NLS,2016-07-29
866,NNC,2010-06-10
867,NNT,2012-06-22
868,NO1,2022-10-04
869,NOS,2011-01-11
870,NQB,2015-07-16
871,NQN,2018-06-15
872,NQT,2016-12-09
873,NRC,2018-04-05
874,NS2,2016-11-30
875,NSC,2006-12-01
876,NSG,2016-05-19
877,NSH,2017-07-31
878,NSL,2019-07-22
879,NSS,2018-10-30
880,NST,2006-12-29
881,NT2,2015-06-02
882,NTB,2014-01-16
883,NTC,2016-12-19
884,NTF,2019-07-04
885,NTH,2019-06-19
886,NTL,2007-12-06
887,NTP,2006-12-11
888,NTT,2017-12-27
889,NTW,2012-04-09
890,NUE,2017-02-20
891,NVB,2010-09-13
892,NVL,2016-12-19
893,NVP,2016-12-15
894,NVT,2010-04-28
895,NWT,2016-03-30
896,NXT,2021-12-09
897,OCB,2020-12-29
898,OCH,2010-10-01
899,ODE,2022-01-10
900,OGC,2010-04-16
901,OIL,2018-03-07
902,ONE,2008-06-24
903,ONW,2017-02-17
904,OPC,2008-10-20
905,ORS,2021-10-07
906,PAC,2006-11-09
907,PAI,2017-01-23
908,PAN,2010-11-18
909,PAP,2021-07-14
910,PAS,2020-09-21
911,PAT,2022-06-17
912,PBC,2019-11-26
913,PBP,2015-01-27
914,PBT,2019-01-18
915,PC1,2016-11-09
916,PCC,2017-11-14
917,PCE,2015-07-23
918,PCF,2017-03-29
919,PCG,2010-12-29
920,PCH,2022-07-28
921,PCM,2017-08-10
922,PCN,2019-05-31
923,PCT,2011-09-12
924,PDB,2015-08-03
925,PDC,2022-08-08
926,PDN,2011-08-04
927,PDR,2010-07-22
928,PDV,2017-04-20
929,PEC,2010-10-06
930,PEG,2018-11-05
931,PEN,2014-09-25
932,PEQ,2016-01-18
933,PET,2007-08-13
934,PFL,2015-05-25
935,PGB,2020-12-24
936,PGC,2006-10-20
937,PGD,2009-11-19
938,PGI,2011-06-08
939,PGN,2019-07-04
940,PGS,2007-11-15
941,PGT,2009-12-25
942,PGV,2021-12-29
943,PHC,2018-09-12
944,PHH,2015-08-31
945,PHN,2019-03-13
946,PHP,2022-09-14
947,PHR,2009-08-04
948,PHS,2020-06-04
949,PIA,2019-09-06
950,PIC,2017-01-09
951,PID,2015-07-31
952,PIS,2016-01-12
953,PIT,2008-01-09
954,PIV,2018-09-07
955,PJC,2006-12-25
956,PJS,2011-12-05
957,PJT,2006-12-11
958,PLA,2017-11-20
959,PLC,2006-12-27
960,PLE,2021-01-07
961,PLO,2020-04-10
962,PLP,2017-08-11
963,PLX,2017-04-14
964,PMB,2015-10-07
965,PMC,2009-10-09
966,PMG,2017-12-27
967,PMJ,2016-06-29
968,PMP,2015-09-22
969,PMS,2009-06-08
970,PMT,2010-07-22
971,PMW,2019-07-17
972,PNC,2005-06-21
973,PND,2017-02-20
974,PNG,2016-04-05
975,PNJ,2008-12-26
976,PNP,2019-05-17
977,PNT,2017-01-12
978,POB,2017-09-29
979,POM,2024-05-23
980,POS,2016-11-25
981,POT,2006-12-20
982,POV,2010-09-23
983,POW,2018-12-17
984,PPC,2007-01-17
985,PPE,2011-09-20
986,PPH,2017-08-23
987,PPI,2019-05-27
988,PPP,2011-07-18
989,PPS,2011-01-07
990,PPT,2023-06-26
991,PPY,2016-03-02
992,PQN,2019-10-04
993,PRC,2010-11-29
994,PRE,2020-12-24
995,PRO,2014-10-10
996,PRT,2018-05-07
997,PSB,2010-02-25
998,PSC,2006-12-29
999,PSD,2013-06-28
1000,PSE,2015-03-18
1001,PSG,2015-09-15
1002,PSH,2020-05-19
1003,PSI,2010-07-21
1004,PSL,2010-05-17
1005,PSN,2017-06-29
1006,PSP,2009-11-10
1007,PSW,2015-07-21
1008,PTB,2011-05-20
1009,PTC,2008-12-08
1010,PTD,2015-11-10
1011,PTE,2015-08-12
1012,PTG,2010-01-04
1013,PTH,2010-03-23
1014,PTI,2011-03-01
1015,PTL,2010-09-15
1016,PTN,
1017,PTO,2017-06-20
1018,PTP,2009-12-10
1019,PTS,2006-12-01
1020,PTT,2010-04-29
1021,PTV,2019-11-05
1022,PTX,2024-10-08
1023,PV2,2010-12-16
1024,PVA,2014-10-01
1025,PVB,2013-12-24
1026,PVC,2007-11-15
1027,PVD,2006-11-15
1028,PVE,2020-06-04
1029,PVG,2009-01-07
1030,PVH,2017-05-19
1031,PVI,2007-08-10
1032,PVL,2023-04-25
1033,PVM,2016-12-20
1034,PVO,2016-01-12
1035,PVP,2022-12-26
1036,PVR,2017-06-02
1037,PVS,2007-09-20
1038,PVT,2007-11-27
1039,PVV,2019-06-03
1040,PVX,2020-06-17
1041,PVY,2017-12-29
1042,PWA,2019-06-11
1043,PWS,2017-06-30
1044,PX1,2010-12-01
1045,PXA,2018-06-13
1046,PXC,2017-02-09
1047,PXI,2022-05-19
1048,PXL,2016-05-23
1049,PXM,2014-07-01
1050,PXS,2010-05-27
1051,PXT,2021-06-09
1052,QBS,2024-05-23
1053,QCC,2014-06-06
1054,QCG,2010-07-27
1055,QHD,2010-04-22
1056,QHW,2016-12-22
1057,QNC,2020-10-06
1058,QNS,2016-12-20
1059,QNT,2020-01-09
1060,QNU,2017-02-28
1061,QNW,2016-12-26
1062,QPH,2014-07-11
1063,QSP,2016-09-23
1064,QST,2009-02-16
1065,QTC,2009-01-16
1066,QTP,2017-03-16
1067,RAL,2006-10-23
1068,RAT,2016-08-15
1069,RBC,2016-02-18
1070,RCC,2016-12-02
1071,RCD,2015-02-06
1072,RCL,2007-06-14
1073,RDP,2009-08-21
1074,REE,2000-07-18
1075,RGC,
1076,RIC,2022-05-26
1077,ROS,2016-08-24
1078,RTB,2016-11-07
1079,S12,2016-05-26
1080,S27,2014-11-27
1081,S4A,2016-04-26
1082,S55,2006-12-22
1083,S72,2018-05-22
1084,S74,2021-06-11
1085,S96,2014-08-21
1086,S99,2006-12-22
1087,SAB,2016-11-25
1088,SAC,2016-11-08
1089,SAF,2009-06-08
1090,SAL,2017-10-20
1091,SAM,2000-07-18
1092,SAP,2018-05-07
1093,SAS,2015-04-16
1094,SAV,2002-04-26
1095,SB1,2016-12-26
1096,SBA,2010-04-28
1097,SBD,2017-02-16
1098,SBG,2023-11-13
1099,SBH,2018-06-07
1100,SBL,2017-01-23
1101,SBM,2017-09-21
1102,SBR,2020-11-02
1103,SBS,2014-04-28
1104,SBT,2008-02-25
1105,SBV,2017-05-03
1106,SC5,2007-04-10
1107,SCC,2014-08-06
1108,SCD,2006-11-12
1109,SCG,2021-10-25
1110,SCI,2016-01-05
1111,SCJ,2019-05-27
1112,SCL,2020-05-18
1113,SCO,2010-09-17
1114,SCR,2016-10-06
1115,SCS,2018-06-26
1116,SCY,2017-10-25
1117,SD1,2015-06-08
1118,SD2,2022-08-08
1119,SD3,2013-12-24
1120,SD4,2023-06-14
1121,SD5,2006-12-27
1122,SD6,2024-09-06
1123,SD7,2018-06-01
1124,SD8,2015-12-25
1125,SD9,2006-12-20
1126,SDA,2006-12-21
1127,SDB,2014-07-03
1128,SDC,2006-12-25
1129,SDD,2019-06-14
1130,SDG,2009-12-22
1131,SDJ,2014-12-02
1132,SDK,2010-10-28
1133,SDN,2009-06-22
1134,SDP,2019-03-01
1135,SDT,2024-02-05
1136,SDU,2009-09-28
1137,SDV,2011-04-22
1138,SDX,2015-09-24
1139,SDY,2017-06-09
1140,SEA,2016-12-23
1141,SEB,2009-01-14
1142,SED,2009-08-19
1143,SEP,2017-02-06
1144,SFC,2004-06-16
1145,SFG,2014-11-17
1146,SFI,2006-12-08
1147,SFN,2009-06-12
1148,SGB,2020-10-15
1149,SGC,2009-06-18
1150,SGD,2006-12-28
1151,SGH,2009-07-30
1152,SGI,2021-09-14
1153,SGN,2018-07-04
1154,SGO,
1155,SGP,2016-04-25
1156,SGR,2017-12-21
1157,SGS,2010-12-22
1158,SGT,2008-01-10
1159,SHA,2016-09-27
1160,SHB,2021-09-20
1161,SHC,2017-10-13
1162,SHE,2019-01-25
1163,SHG,2015-04-10
1164,SHI,2009-12-23
1165,SHN,2009-12-16
1166,SHP,2014-07-14
1167,SHS,2009-06-25
1168,SHX,
1169,SID,2017-01-09
1170,SIG,2019-10-10
1171,SII,2012-08-22
1172,SIP,2023-06-29
1173,SIV,2017-05-23
1174,SJ1,2009-06-08
1175,SJC,2021-07-02
1176,SJD,2006-12-11
1177,SJE,2006-12-14
1178,SJF,
1179,SJG,2018-02-12
1180,SJM,2014-05-29
1181,SJS,2006-05-11
1182,SKG,2014-05-16
1183,SKH,2017-10-25
1184,SKN,2018-10-10
1185,SKV,2017-11-03
1186,SLS,2012-10-16
1187,SMA,2010-09-23
1188,SMB,2018-06-27
1189,SMC,2006-09-29
1190,SMN,2015-07-14
1191,SMT,2010-07-30
1192,SNC,2014-11-11
1193,SNZ,2017-11-20
1194,SP2,2016-09-30
1195,SPB,2016-10-17
1196,SPC,2022-01-27
1197,SPD,2010-04-22
1198,SPH,2014-05-20
1199,SPI,2012-09-26
1200,SPM,2010-05-07
1201,SPV,2017-02-14
1202,SQC,2016-05-26
1203,SRA,2008-01-18
1204,SRB,2016-05-26
1205,SRC,2009-09-23
1206,SRF,2009-10-05
1207,SRT,
1208,SSB,2020-12-30
1209,SSC,2004-12-29
1210,SSF,2010-04-20
1211,SSG,2015-06-03
1212,SSH,2021-08-04
1213,SSI,2007-10-18
1214,SSM,2008-11-17
1215,SSN,2013-10-15
1216,ST8,2007-12-10
1217,STB,2006-06-02
1218,STC,2006-12-27
1219,STG,2010-02-04
1220,STH,2020-03-17
1221,STK,2015-09-10
1222,STL,2013-11-12
1223,STP,2006-10-09
1224,STS,2010-03-30
1225,STT,2018-07-13
1226,STW,2018-07-06
1227,SVC,2009-05-27
1228,SVD,2020-12-23
1229,SVG,2016-04-06
1230,SVH,2017-12-28
1231,SVI,2012-03-05
1232,SVN,2011-07-26
1233,SVT,2011-07-26
1234,SWC,2011-04-29
1235,SZB,2019-12-20
1236,SZC,2018-12-18
1237,SZE,2016-12-09
1238,SZG,2021-12-27
1239,SZL,2008-08-15
1240,TA3,
1241,TA6,2017-11-28
1242,TA9,2015-07-31
1243,TAN,2019-06-10
1244,TAR,2024-05-31
1245,TAW,2016-07-29
1246,TB8,2016-12-30
1247,TBC,2009-09-25
1248,TBD,2014-10-15
1249,TBH,2021-08-13
1250,TBR,2022-07-20
1251,TBT,2010-03-01
1252,TBW,2024-01-09
1253,TBX,2008-11-18
1254,TC6,
1255,TCB,2018-05-22
1256,TCD,2017-05-17
1257,TCH,2016-09-15
1258,TCI,2023-12-28
1259,TCJ,2017-11-24
1260,TCK,2017-10-27
1261,TCL,2009-12-11
1262,TCM,2007-10-05
1263,TCO,2012-02-08
1264,TCR,2006-12-26
1265,TCT,2016-01-14
1266,TCW,2017-06-26
1267,TDB,
1268,TDC,2010-04-16
1269,TDF,2020-05-12
1270,TDG,2017-06-06
1271,TDH,2006-11-23
1272,TDI,
1273,TDM,2018-10-05
1274,TDN,
1275,TDP,2020-07-24
1276,TDS,2011-10-06
1277,TDT,2018-07-18
1278,TDW,2010-09-17
1279,TED,2022-05-10
1280,TEG,2017-12-28
1281,TEL,2017-09-26
1282,TET,2010-04-28
1283,TFC,2015-12-03
1284,TGG,2018-05-09
1285,TGP,2009-06-24
1286,TH1,2018-04-27
1287,THB,2008-11-19
1288,THD,2020-06-19
1289,THG,2011-04-28
1290,THM,2023-10-18
1291,THN,2017-10-05
1292,THP,2019-11-18
1293,THS,2013-11-12
1294,THT,2008-10-24
1295,THU,2017-06-06
1296,THW,2016-03-01
1297,TID,2018-12-12
1298,TIE,2019-08-09
1299,TIG,2010-10-08
1300,TIN,2021-12-28
1301,TIP,2016-03-09
1302,TIS,2011-03-24
1303,TIX,2009-11-17
1304,TJC,2007-12-17
1305,TKA,2020-06-03
1306,TKC,2024-03-20
1307,TKG,2022-08-29
1308,TKU,2006-06-26
1309,TL4,2015-02-04
1310,TLD,2017-11-29
1311,TLG,2010-02-02
1312,TLH,2010-03-04
1313,TLI,2019-01-25
1314,TLP,2017-12-08
1315,TLT,2006-12-08
1316,TMB,2017-01-16
1317,TMC,2009-06-08
1318,TMG,2017-02-07
1319,TMP,2009-06-08
1320,TMS,2000-08-02
1321,TMT,2010-01-15
1322,TMW,2009-12-23
1323,TMX,2009-11-02
1324,TN1,2019-03-13
1325,TNA,2005-05-04
1326,TNB,2010-04-16
1327,TNC,2007-08-07
1328,TNG,2007-11-22
1329,TNH,2020-12-23
1330,TNI,2017-05-22
1331,TNM,2009-10-27
1332,TNP,2016-12-23
1333,TNS,2017-01-06
1334,TNT,2010-05-14
1335,TNW,2017-05-26
1336,TOP,2015-07-23
1337,TOS,2021-09-08
1338,TOT,2022-01-20
1339,TOW,2019-01-25
1340,TPB,2018-03-22
1341,TPC,2007-11-20
1342,TPH,2006-12-15
1343,TPP,2008-09-26
1344,TPS,2015-12-01
1345,TQN,2017-02-08
1346,TQW,2019-06-14
1347,TR1,2020-08-24
1348,TRA,2008-11-12
1349,TRC,2007-07-17
1350,TRS,2015-09-18
1351,TRT,2017-03-16
1352,TS3,2018-01-19
1353,TS4,2021-09-24
1354,TSB,2011-01-10
1355,TSC,2007-09-24
1356,TSD,2018-01-10
1357,TSG,2017-04-18
1358,TSJ,2017-08-01
1359,TST,2022-08-08
1360,TTA,2020-08-18
1361,TTB,2024-01-19
1362,TTC,2010-01-07
1363,TTD,2017-02-06
1364,TTE,2018-11-26
1365,TTF,2008-02-01
1366,TTG,2010-02-02
1367,TTH,2016-10-26
1368,TTL,2018-01-18
1369,TTN,2017-04-19
1370,TTP,2017-03-15
1371,TTS,2017-05-17
1372,TTT,2017-06-02
1373,TTZ,2024-02-07
1374,TUG,2017-02-21
1375,TV1,2018-06-22
1376,TV2,2019-04-22
1377,TV3,2009-12-01
1378,TV4,2008-07-22
1379,TV6,2021-05-21
1380,TVA,2017-04-11
1381,TVB,2018-06-13
1382,TVC,2014-09-23
1383,TVD,2011-01-11
1384,TVG,2010-01-25
1385,TVH,2019-01-17
1386,TVM,2015-12-15
1387,TVN,2016-01-18
1388,TVP,
1389,TVS,2014-12-25
1390,TVT,2017-06-27
1391,TVW,
1392,TW3,2016-10-18
1393,TXM,2006-12-11
1394,TYA,2005-02-12
1395,UCT,2016-11-15
1396,UDC,2010-06-28
1397,UDJ,2009-12-22
1398,UDL,2020-01-09
1399,UEM,2015-09-24
1400,UIC,2007-10-31
1401,UMC,2017-08-28
1402,UNI,2009-06-08
1403,UPC,2017-04-21
1404,UPH,2016-12-29
1405,USC,2017-02-06
1406,USD,2019-01-30
1407,V11,2008-12-15
1408,V12,2010-01-05
1409,V15,2015-07-21
1410,V21,2010-04-21
1411,VAB,2021-07-20
1412,VAF,2015-05-21
1413,VAV,2017-07-26
1414,VBB,2019-07-30
1415,VBC,2010-03-17
1416,VBG,2017-03-24
1417,VBH,2017-06-05
1418,VC1,2009-05-14
1419,VC2,2006-12-11
1420,VC3,2007-12-13
1421,VC5,2016-06-03
1422,VC6,2008-01-28
1423,VC7,2007-12-28
1424,VC9,2009-11-05
1425,VCA,2020-12-30
1426,VCB,2009-06-12
1427,VCC,2009-02-05
1428,VCE,2016-12-29
1429,VCF,2011-01-21
1430,VCG,2020-12-16
1431,VCI,2017-06-30
1432,VCM,2010-05-11
1433,VCP,2016-12-16
1434,VCR,2020-05-12
1435,VCS,2007-12-17
1436,VCT,2010-07-15
1437,VCW,2016-11-23
1438,VCX,2014-04-01
1439,VDB,2018-11-22
1440,VDL,2007-11-27
1441,VDN,2010-07-15
1442,VDP,2017-07-27
1443,VDS,2017-06-29
1444,VDT,2011-03-01
1445,VE1,2008-09-04
1446,VE2,2023-10-06
1447,VE3,2010-06-30
1448,VE4,2012-10-16
1449,VE8,2012-07-24
1450,VE9,2020-11-17
1451,VEA,2018-07-02
1452,VEC,2017-07-14
1453,VEF,2015-12-22
1454,VES,2015-03-18
1455,VET,2017-12-13
1456,VFC,2013-07-01
1457,VFG,2009-12-11
1458,VFR,2017-06-09
1459,VFS,
1460,VGC,2019-04-26
1461,VGG,2016-03-10
1462,VGI,2018-09-25
1463,VGL,2016-08-15
1464,VGP,2009-06-12
1465,VGR,2018-04-12
1466,VGS,2008-12-04
1467,VGT,2017-01-03
1468,VGV,2017-07-17
1469,VHC,2007-12-07
1470,VHD,2017-06-22
1471,VHE,2019-01-14
1472,VHF,2010-05-07
1473,VHG,2019-05-31
1474,VHH,2014-06-25
1475,VHL,2009-02-12
1476,VHM,2018-05-07
1477,VIB,2020-10-16
1478,VIC,2007-09-07
1479,VID,2006-07-12
1480,VIE,2022-08-03
1481,VIF,2020-02-03
1482,VIG,2009-12-01
1483,VIH,2017-04-24
1484,VIM,2017-01-24
1485,VIN,2014-09-04
1486,VIP,2006-11-09
1487,VIR,2010-07-01
1488,VIT,2009-11-03
1489,VIW,2018-01-05
1490,VIX,2020-12-23
1491,VJC,2017-02-06
1492,VKC,2023-05-09
1493,VKP,2013-11-15
1494,VLA,2010-08-04
1495,VLB,2016-09-22
1496,VLC,2015-10-26
1497,VLF,2016-05-13
1498,VLG,2015-09-18
1499,VLP,2017-07-18
1500,VLW,2017-07-17
1501,VMA,2015-08-28
1502,VMC,2006-12-11
1503,VMD,2010-08-17
1504,VMG,2017-10-11
1505,VMS,2015-10-20
1506,VMT,2023-01-06
1507,VNA,2017-05-03
1508,VNB,2016-07-15
1509,VNC,2006-12-21
1510,VND,2017-08-10
1511,VNE,2007-08-01
1512,VNF,2010-12-01
1513,VNG,2009-11-30
1514,VNH,2017-03-31
1515,VNI,2015-06-04
1516,VNL,2009-08-10
1517,VNM,2005-12-28
1518,VNP,2015-08-18
1519,VNR,2006-03-13
1520,VNS,2008-07-23
1521,VNT,2009-08-14
1522,VNX,2010-06-10
1523,VNY,2018-08-03
1524,VNZ,2023-01-05
1525,VOC,2016-09-19
1526,VOS,2010-08-30
1527,VPA,2016-01-27
1528,VPB,2017-08-08
1529,VPC,2015-05-29
1530,VPD,2017-12-25
1531,VPG,2017-12-27
1532,VPH,2009-08-31
1533,VPI,2018-05-31
1534,VPR,2016-12-20
1535,VPS,2015-08-04
1536,VPW,2017-11-13
1537,VQC,2010-02-26
1538,VRC,2010-07-19
1539,VRE,2017-10-25
1540,VRG,2014-11-10
1541,VSA,2015-12-22
1542,VSC,2007-12-12
1543,VSE,2018-10-10
1544,VSF,2018-04-23
1545,VSG,2013-06-19
1546,VSH,2006-06-28
1547,VSI,2010-12-01
1548,VSM,2017-07-17
1549,VSN,2016-10-21
1550,VST,2015-06-10
1551,VTA,2009-08-06
1552,VTB,2006-12-08
1553,VTC,2009-06-08
1554,VTD,2019-11-06
1555,VTE,2018-06-05
1556,VTG,2015-12-25
1557,VTH,2014-10-29
1558,VTI,2010-12-17
1559,VTJ,2017-04-26
1560,VTK,2018-12-18
1561,VTL,2023-05-31
1562,VTM,2015-12-29
1563,VTO,2007-10-01
1564,VTP,2023-12-21
1565,VTQ,2021-05-17
1566,VTR,2019-09-27
1567,VTS,2021-04-16
1568,VTV,2006-12-18
1569,VTX,2014-05-15
1570,VTZ,2021-11-25
1571,VUA,2022-01-25
1572,VVN,2017-10-17
1573,VVS,2022-10-07
1574,VW3,2020-04-23
1575,VWS,2017-01-06
1576,VXB,2022-07-11
1577,VXP,2019-08-19
1578,VXT,2020-05-20
1579,WCS,2010-09-17
1580,WSB,2010-08-10
1581,WSS,2009-12-15
1582,WTC,2010-07-15
1583,X20,2018-02-05
1584,X26,2018-07-09
1585,X77,2017-02-17
1586,XDC,
1587,XDH,2018-10-22
1588,XHC,2016-11-03
1589,XLV,2018-05-22
1590,XMC,2019-06-28
1591,XMD,2015-12-25
1592,XMP,2021-08-16
1593,XPH,2014-11-25
1594,YBC,2014-06-25
1595,YBM,2018-08-10
1596,YEG,2018-06-19
1597,YTC,2017-08-03
